172807;0;0;0
172808;7.27E+07;1;16
172808;7.27E+07;1;16
172808;7.27E+07;2;16
172808;7.27E+07;3;16
172808;7.27E+07;3;16
172808;7.27E+07;4;16
172808;7.27E+07;5;16
172808;7.27E+07;6;16
172808;7.27E+07;6;16
172808;7.27E+07;7;4.53E+07
172808;7.27E+07;7;4.53E+07
172808;7.27E+07;7;4.54E+07
172808;7.27E+07;7;4.54E+07
172808;7.27E+07;7;4.54E+07
172808;7.27E+07;7;4.54E+07
172808;7.27E+07;7.00001;4.54E+07
172808;7.27E+07;7.00002;4.54E+07
172808;7.27E+07;7.00003;4.54E+07
172808;7.27E+07;7.00006;4.54E+07
172808;7.27E+07;7.00013;4.54E+07
172808;7.27E+07;7.00026;4.54E+07
172808;7.27E+07;7.00051;4.54E+07
172809;7.27E+07;7.00103;4.54E+07
172809;7.27E+07;7.00205;4.54E+07
172810;7.27E+07;7.0041;4.54E+07
172812;7.27E+07;7.00819;4.54E+07
172816;7.27E+07;7.01639;4.54E+07
172825;7.27E+07;7.03277;4.54E+07
172842;7.27E+07;7.06554;4.54E+07
172875;7.27E+07;7.13107;4.54E+07
172942;7.27E+07;7.26215;4.53E+07
173076;7.27E+07;7.52429;4.53E+07
173345;7.27E+07;8.04858;4.52E+07
173882;7.27E+07;9.09715;4.51E+07
174955;7.27E+07;11.1943;4.48E+07
177103;7.27E+07;14.34;4.44E+07
181398;7.27E+07;20.6315;4.37E+07
189988;7.27E+07;30.0687;4.28E+07
202873;7.27E+07;44.2244;4.18E+07
228643;7.27E+07;72.536;4.02E+07
267297;7.27E+07;115.003;3.87E+07
325279;7.27E+07;178.704;3.73E+07
394178;7.27E+07;242.405;3.59E+07
463077;7.27E+07;337.957;3.46E+07
531976;7.27E+07;481.284;3.36E+07
669775;7.27E+07;624.611;3.23E+07
807573;7.27E+07;839.602;3.13E+07
945371;7.27E+07;1162.09;3.05E+07
1.08E+06;7.27E+07;1671.49;2.90E+07
1.29E+06;7.27E+07;2321.78;2.81E+07
1.50E+06;7.27E+07;2972.06;2.75E+07
1.70E+06;7.27E+07;3622.35;2.67E+07
2.01E+06;7.27E+07;4597.78;2.61E+07
2.32E+06;7.27E+07;6060.93;2.56E+07
2.63E+06;7.27E+07;8987.22;2.44E+07
3.10E+06;7.27E+07;11913.5;2.37E+07
3.56E+06;7.27E+07;14839.8;2.34E+07
4.03E+06;7.27E+07;17766.1;2.27E+07
4.73E+06;7.27E+07;22155.5;2.23E+07
5.42E+06;7.27E+07;28739.7;2.20E+07
6.12E+06;7.27E+07;38064.5;2.11E+07
6.82E+06;7.27E+07;47389.3;2.07E+07
7.52E+06;7.27E+07;56714.1;2.06E+07
8.21E+06;7.27E+07;75363.6;1.99E+07
9.26E+06;7.27E+07;103338;1.93E+07
1.08E+07;7.27E+07;131312;1.92E+07
1.18E+07;7.27E+07;159287;1.86E+07
1.29E+07;7.27E+07;172807;1.84E+07
1.39E+07;7.27E+07;172807;1.84E+07
1.49E+07;7.27E+07;172808;1.84E+07
1.64E+07;7.27E+07;172808;1.84E+07
1.95E+07;7.27E+07;172808;1.84E+07
2.05E+07;7.27E+07;172808;1.84E+07
2.16E+07;7.27E+07;172808;1.84E+07
2.26E+07;7.27E+07;172808;1.84E+07
2.37E+07;7.27E+07;172808;1.84E+07
2.58E+07;7.27E+07;172808;1.84E+07
3.00E+07;7.27E+07;172808;1.84E+07
3.11E+07;7.27E+07;172808;1.84E+07
3.22E+07;7.27E+07;172808;1.84E+07
3.33E+07;7.27E+07;172808;1.84E+07
3.55E+07;7.27E+07;172808;1.84E+07
3.98E+07;7.27E+07;172808;1.84E+07
4.86E+07;7.27E+07;172808;1.84E+07
4.97E+07;7.27E+07;172808;1.84E+07
5.08E+07;7.27E+07;172808;1.84E+07
5.20E+07;7.27E+07;172808;1.84E+07
5.31E+07;7.27E+07;172808;1.84E+07
5.53E+07;7.27E+07;172808;1.84E+07
5.98E+07;7.27E+07;172808;1.84E+07
6.88E+07;7.27E+07;172808;1.84E+07
8.43E+07;7.27E+07;172809;1.84E+07
8.55E+07;7.27E+07;172809;1.84E+07
8.67E+07;7.27E+07;172810;1.84E+07
8.79E+07;7.27E+07;172812;1.84E+07
8.91E+07;7.27E+07;172816;1.84E+07
9.15E+07;7.27E+07;172825;1.84E+07
9.62E+07;7.27E+07;172842;1.84E+07
1.06E+08;7.27E+07;172875;1.84E+07
1.21E+08;7.27E+07;172942;1.84E+07
1.37E+08;7.27E+07;173076;1.84E+07
1.52E+08;7.27E+07;173345;1.84E+07
1.54E+08;7.27E+07;173882;1.84E+07
1.55E+08;7.27E+07;174955;1.84E+07
1.56E+08;7.27E+07;177103;1.84E+07
1.58E+08;7.27E+07;181398;1.84E+07
1.60E+08;7.27E+07;189988;1.83E+07
1.66E+08;7.27E+07;202873;1.82E+07
1.76E+08;7.27E+07;228643;1.80E+07
1.92E+08;7.27E+07;267297;1.78E+07
2.07E+08;7.27E+07;325279;1.77E+07
2.23E+08;7.27E+07;394178;1.72E+07
2.38E+08;7.27E+07;463077;1.70E+07
2.54E+08;7.27E+07;531976;1.69E+07
2.69E+08;7.27E+07;669775;1.65E+07
2.85E+08;7.27E+07;807573;1.63E+07
3.01E+08;7.27E+07;945371;1.62E+07
3.16E+08;7.27E+07;1.08E+06;1.59E+07
3.32E+08;7.27E+07;1.29E+06;1.57E+07
3.47E+08;7.27E+07;1.50E+06;1.57E+07
3.63E+08;7.27E+07;1.70E+06;1.53E+07
3.78E+08;7.27E+07;2.01E+06;1.52E+07
3.94E+08;7.27E+07;2.32E+06;1.52E+07
4.09E+08;7.27E+07;2.63E+06;1.49E+07
4.25E+08;7.27E+07;3.10E+06;1.48E+07
4.41E+08;7.27E+07;3.56E+06;1.47E+07
4.56E+08;7.27E+07;4.03E+06;1.45E+07
4.72E+08;7.27E+07;4.73E+06;1.44E+07
4.87E+08;7.27E+07;5.42E+06;1.44E+07
5.03E+08;7.27E+07;6.12E+06;1.41E+07
5.18E+08;7.27E+07;6.82E+06;1.41E+07
5.34E+08;7.27E+07;7.52E+06;1.40E+07
5.49E+08;7.27E+07;8.21E+06;1.39E+07
5.65E+08;7.27E+07;9.26E+06;1.38E+07
5.80E+08;7.27E+07;1.08E+07;1.38E+07
5.96E+08;7.27E+07;1.18E+07;1.36E+07
6.12E+08;7.27E+07;1.29E+07;1.36E+07
6.27E+08;7.27E+07;1.39E+07;1.36E+07
6.43E+08;7.27E+07;1.49E+07;1.35E+07
6.43E+08;7.27E+07;1.64E+07;1.35E+07
6.43E+08;7.27E+07;1.95E+07;1.35E+07
6.44E+08;7.27E+07;2.05E+07;1.32E+07
6.44E+08;7.27E+07;2.16E+07;1.32E+07
6.46E+08;7.27E+07;2.26E+07;1.33E+07
6.47E+08;7.34E+07;2.37E+07;1.32E+07
6.47E+08;7.57E+07;2.58E+07;1.32E+07
6.48E+08;7.95E+07;3.00E+07;1.32E+07
6.49E+08;8.39E+07;3.11E+07;1.30E+07
6.50E+08;8.68E+07;3.22E+07;1.30E+07
6.50E+08;8.91E+07;3.33E+07;1.30E+07
6.51E+08;9.10E+07;3.55E+07;1.30E+07
6.52E+08;9.25E+07;3.98E+07;1.30E+07
6.53E+08;9.38E+07;4.86E+07;1.30E+07
6.54E+08;9.50E+07;4.97E+07;1.27E+07
6.54E+08;9.60E+07;5.08E+07;1.28E+07
6.55E+08;9.71E+07;5.20E+07;1.28E+07
6.56E+08;9.80E+07;5.31E+07;1.28E+07
6.57E+08;9.89E+07;5.53E+07;1.28E+07
6.58E+08;1.00E+08;5.98E+07;1.28E+07
6.59E+08;1.01E+08;6.88E+07;1.28E+07
6.60E+08;1.02E+08;8.43E+07;1.28E+07
6.61E+08;1.03E+08;8.55E+07;1.24E+07
6.62E+08;1.04E+08;8.67E+07;1.25E+07
6.62E+08;1.05E+08;8.79E+07;1.25E+07
6.63E+08;1.05E+08;8.91E+07;1.26E+07
6.64E+08;1.06E+08;9.15E+07;1.26E+07
6.64E+08;1.07E+08;9.62E+07;1.26E+07
6.65E+08;1.07E+08;1.06E+08;1.26E+07
6.66E+08;1.08E+08;1.21E+08;1.26E+07
6.66E+08;1.08E+08;1.37E+08;1.26E+07
6.67E+08;1.09E+08;1.52E+08;1.26E+07
6.68E+08;1.09E+08;1.54E+08;1.22E+07
6.69E+08;1.10E+08;1.55E+08;1.23E+07
6.70E+08;1.11E+08;1.56E+08;1.23E+07
6.71E+08;1.12E+08;1.58E+08;1.23E+07
6.72E+08;1.12E+08;1.60E+08;1.23E+07
6.73E+08;1.13E+08;1.66E+08;1.24E+07
6.74E+08;1.13E+08;1.76E+08;1.24E+07
6.74E+08;1.14E+08;1.92E+08;1.24E+07
6.75E+08;1.15E+08;2.07E+08;1.24E+07
6.76E+08;1.15E+08;2.23E+08;1.24E+07
6.77E+08;1.16E+08;2.38E+08;1.24E+07
6.78E+08;1.16E+08;2.54E+08;1.24E+07
6.79E+08;1.17E+08;2.69E+08;1.24E+07
6.80E+08;1.17E+08;2.85E+08;1.24E+07
6.81E+08;1.18E+08;3.01E+08;1.24E+07
6.82E+08;1.18E+08;3.16E+08;1.24E+07
6.82E+08;1.19E+08;3.32E+08;1.24E+07
6.83E+08;1.19E+08;3.47E+08;1.23E+07
6.84E+08;1.20E+08;3.63E+08;1.23E+07
6.85E+08;1.20E+08;3.78E+08;1.23E+07
6.85E+08;1.20E+08;3.94E+08;1.23E+07
6.86E+08;1.21E+08;4.09E+08;1.23E+07
6.87E+08;1.21E+08;4.25E+08;1.23E+07
6.88E+08;1.22E+08;4.41E+08;1.23E+07
6.89E+08;1.22E+08;4.56E+08;1.23E+07
6.89E+08;1.22E+08;4.72E+08;1.23E+07
6.90E+08;1.22E+08;4.87E+08;1.23E+07
6.91E+08;1.23E+08;5.03E+08;1.23E+07
6.93E+08;1.23E+08;5.18E+08;1.23E+07
6.93E+08;1.24E+08;5.34E+08;1.22E+07
6.94E+08;1.24E+08;5.49E+08;1.22E+07
6.95E+08;1.25E+08;5.65E+08;1.22E+07
6.97E+08;1.25E+08;5.80E+08;1.22E+07
6.98E+08;1.25E+08;5.96E+08;1.22E+07
6.99E+08;1.26E+08;6.12E+08;1.22E+07
7.00E+08;1.26E+08;6.27E+08;1.22E+07
7.01E+08;1.27E+08;6.43E+08;1.22E+07
7.02E+08;1.27E+08;6.43E+08;1.15E+07
7.03E+08;1.27E+08;6.43E+08;1.17E+07
7.04E+08;1.28E+08;6.44E+08;1.17E+07
7.05E+08;1.28E+08;6.44E+08;1.18E+07
7.06E+08;1.28E+08;6.46E+08;1.19E+07
7.07E+08;1.29E+08;6.47E+08;1.16E+07
7.08E+08;1.29E+08;6.47E+08;1.10E+07
7.08E+08;1.29E+08;6.48E+08;1.01E+07
7.10E+08;1.30E+08;6.49E+08;9.21E+06
7.11E+08;1.30E+08;6.50E+08;8.75E+06
7.12E+08;1.30E+08;6.50E+08;8.38E+06
7.13E+08;1.31E+08;6.51E+08;8.06E+06
7.14E+08;1.31E+08;6.52E+08;7.73E+06
7.15E+08;1.31E+08;6.53E+08;7.44E+06
7.16E+08;1.31E+08;6.54E+08;7.20E+06
7.17E+08;1.32E+08;6.54E+08;7.01E+06
7.19E+08;1.32E+08;6.55E+08;6.84E+06
7.19E+08;1.32E+08;6.56E+08;6.68E+06
7.20E+08;1.32E+08;6.57E+08;6.51E+06
7.21E+08;1.33E+08;6.58E+08;6.29E+06
7.21E+08;1.33E+08;6.59E+08;6.10E+06
7.23E+08;1.33E+08;6.60E+08;5.98E+06
7.24E+08;1.33E+08;6.61E+08;5.87E+06
7.25E+08;1.34E+08;6.62E+08;5.77E+06
7.26E+08;1.34E+08;6.62E+08;5.69E+06
7.26E+08;1.34E+08;6.63E+08;5.61E+06
7.27E+08;1.34E+08;6.64E+08;5.54E+06
7.28E+08;1.34E+08;6.64E+08;5.44E+06
7.29E+08;1.35E+08;6.65E+08;5.38E+06
7.30E+08;1.35E+08;6.66E+08;5.33E+06
7.32E+08;1.35E+08;6.66E+08;5.27E+06
7.33E+08;1.35E+08;6.67E+08;5.20E+06
7.34E+08;1.36E+08;6.68E+08;5.12E+06
7.35E+08;1.36E+08;6.69E+08;5.05E+06
7.36E+08;1.36E+08;6.70E+08;4.98E+06
7.37E+08;1.36E+08;6.71E+08;4.89E+06
7.38E+08;1.36E+08;6.72E+08;4.83E+06
7.39E+08;1.37E+08;6.73E+08;4.78E+06
7.41E+08;1.37E+08;6.74E+08;4.72E+06
7.41E+08;1.37E+08;6.74E+08;4.67E+06
7.42E+08;1.37E+08;6.75E+08;4.61E+06
7.43E+08;1.37E+08;6.76E+08;4.56E+06
7.43E+08;1.38E+08;6.77E+08;4.49E+06
7.45E+08;1.38E+08;6.78E+08;4.45E+06
7.47E+08;1.38E+08;6.79E+08;4.41E+06
7.48E+08;1.38E+08;6.80E+08;4.37E+06
7.49E+08;1.39E+08;6.81E+08;4.31E+06
7.50E+08;1.39E+08;6.82E+08;4.28E+06
7.51E+08;1.39E+08;6.82E+08;4.24E+06
7.53E+08;1.39E+08;6.83E+08;4.21E+06
7.53E+08;1.39E+08;6.84E+08;4.16E+06
7.54E+08;1.39E+08;6.85E+08;4.14E+06
7.55E+08;1.40E+08;6.85E+08;4.11E+06
7.56E+08;1.40E+08;6.86E+08;4.09E+06
7.57E+08;1.40E+08;6.87E+08;4.05E+06
7.59E+08;1.40E+08;6.88E+08;4.00E+06
7.60E+08;1.40E+08;6.89E+08;3.98E+06
7.60E+08;1.40E+08;6.89E+08;3.96E+06
7.61E+08;1.41E+08;6.90E+08;3.93E+06
7.62E+08;1.41E+08;6.91E+08;3.90E+06
7.63E+08;1.41E+08;6.93E+08;3.85E+06
7.65E+08;1.41E+08;6.93E+08;3.82E+06
7.66E+08;1.41E+08;6.94E+08;3.79E+06
7.67E+08;1.41E+08;6.95E+08;3.76E+06
7.67E+08;1.42E+08;6.97E+08;3.73E+06
7.69E+08;1.42E+08;6.98E+08;3.69E+06
7.70E+08;1.42E+08;6.99E+08;3.66E+06
7.71E+08;1.42E+08;7.00E+08;3.62E+06
7.73E+08;1.42E+08;7.01E+08;3.60E+06
7.74E+08;1.42E+08;7.02E+08;3.58E+06
7.74E+08;1.43E+08;7.03E+08;3.56E+06
7.75E+08;1.43E+08;7.04E+08;3.52E+06
7.76E+08;1.43E+08;7.05E+08;3.50E+06
7.78E+08;1.43E+08;7.06E+08;3.48E+06
7.81E+08;1.43E+08;7.07E+08;3.46E+06
7.81E+08;1.44E+08;7.08E+08;3.43E+06
7.82E+08;1.44E+08;7.08E+08;3.41E+06
7.83E+08;1.44E+08;7.10E+08;3.38E+06
7.84E+08;1.44E+08;7.11E+08;3.36E+06
7.85E+08;1.44E+08;7.12E+08;3.33E+06
7.87E+08;1.44E+08;7.13E+08;3.31E+06
7.88E+08;1.44E+08;7.14E+08;3.29E+06
7.89E+08;1.44E+08;7.15E+08;3.27E+06
7.90E+08;1.45E+08;7.16E+08;3.25E+06
7.91E+08;1.45E+08;7.17E+08;3.23E+06
7.92E+08;1.45E+08;7.19E+08;3.20E+06
7.94E+08;1.45E+08;7.19E+08;3.19E+06
7.96E+08;1.45E+08;7.20E+08;3.18E+06
7.97E+08;1.45E+08;7.21E+08;3.17E+06
7.97E+08;1.45E+08;7.21E+08;3.15E+06
7.98E+08;1.46E+08;7.23E+08;3.13E+06
7.99E+08;1.46E+08;7.24E+08;3.11E+06
8.00E+08;1.46E+08;7.25E+08;3.09E+06
8.02E+08;1.46E+08;7.26E+08;3.08E+06
8.04E+08;1.46E+08;7.26E+08;3.07E+06
8.05E+08;1.46E+08;7.27E+08;3.05E+06
8.06E+08;1.46E+08;7.28E+08;3.03E+06
8.07E+08;1.46E+08;7.29E+08;3.02E+06
8.08E+08;1.47E+08;7.30E+08;3.00E+06
8.10E+08;1.47E+08;7.32E+08;2.99E+06
8.12E+08;1.47E+08;7.33E+08;2.97E+06
8.13E+08;1.47E+08;7.34E+08;2.96E+06
8.14E+08;1.47E+08;7.35E+08;2.93E+06
8.14E+08;1.47E+08;7.36E+08;2.92E+06
8.16E+08;1.47E+08;7.37E+08;2.91E+06
8.17E+08;1.48E+08;7.38E+08;2.90E+06
8.19E+08;1.48E+08;7.39E+08;2.88E+06
8.21E+08;1.48E+08;7.41E+08;2.86E+06
8.22E+08;1.48E+08;7.41E+08;2.85E+06
8.23E+08;1.48E+08;7.42E+08;2.84E+06
8.24E+08;1.48E+08;7.43E+08;2.83E+06
8.25E+08;1.48E+08;7.43E+08;2.82E+06
8.26E+08;1.48E+08;7.45E+08;2.80E+06
8.28E+08;1.49E+08;7.47E+08;2.78E+06
8.30E+08;1.49E+08;7.48E+08;2.77E+06
8.31E+08;1.49E+08;7.49E+08;2.76E+06
8.32E+08;1.49E+08;7.50E+08;2.75E+06
8.33E+08;1.49E+08;7.51E+08;2.73E+06
8.35E+08;1.49E+08;7.53E+08;2.71E+06
8.36E+08;1.49E+08;7.53E+08;2.70E+06
8.38E+08;1.49E+08;7.54E+08;2.70E+06
8.40E+08;1.50E+08;7.55E+08;2.69E+06
8.41E+08;1.50E+08;7.56E+08;2.68E+06
8.42E+08;1.50E+08;7.57E+08;2.67E+06
8.43E+08;1.50E+08;7.59E+08;2.64E+06
8.45E+08;1.50E+08;7.60E+08;2.64E+06
8.46E+08;1.50E+08;7.60E+08;2.63E+06
8.48E+08;1.50E+08;7.61E+08;2.63E+06
8.50E+08;1.50E+08;7.62E+08;2.62E+06
8.52E+08;1.51E+08;7.63E+08;2.60E+06
8.53E+08;1.51E+08;7.65E+08;2.58E+06
8.54E+08;1.51E+08;7.66E+08;2.58E+06
8.55E+08;1.51E+08;7.67E+08;2.57E+06
8.56E+08;1.51E+08;7.67E+08;2.56E+06
8.58E+08;1.51E+08;7.69E+08;2.55E+06
8.60E+08;1.51E+08;7.70E+08;2.54E+06
8.63E+08;1.51E+08;7.71E+08;2.53E+06
8.64E+08;1.51E+08;7.73E+08;2.51E+06
8.64E+08;1.51E+08;7.74E+08;2.51E+06
8.65E+08;1.52E+08;7.74E+08;2.50E+06
8.66E+08;1.52E+08;7.75E+08;2.49E+06
8.68E+08;1.52E+08;7.76E+08;2.48E+06
8.71E+08;1.52E+08;7.78E+08;2.47E+06
8.75E+08;1.52E+08;7.81E+08;2.45E+06
8.75E+08;1.52E+08;7.81E+08;2.44E+06
8.76E+08;1.52E+08;7.82E+08;2.44E+06
8.76E+08;1.52E+08;7.83E+08;2.43E+06
8.77E+08;1.52E+08;7.84E+08;2.42E+06
8.79E+08;1.52E+08;7.85E+08;2.41E+06
8.81E+08;1.53E+08;7.87E+08;2.40E+06
8.84E+08;1.53E+08;7.88E+08;2.39E+06
8.85E+08;1.53E+08;7.89E+08;2.38E+06
8.86E+08;1.53E+08;7.90E+08;2.38E+06
8.87E+08;1.53E+08;7.91E+08;2.37E+06
8.88E+08;1.53E+08;7.92E+08;2.36E+06
8.89E+08;1.53E+08;7.94E+08;2.35E+06
8.91E+08;1.53E+08;7.96E+08;2.33E+06
8.93E+08;1.53E+08;7.97E+08;2.33E+06
8.96E+08;1.54E+08;7.97E+08;2.32E+06
8.98E+08;1.54E+08;7.98E+08;2.32E+06
8.99E+08;1.54E+08;7.99E+08;2.31E+06
9.00E+08;1.54E+08;8.00E+08;2.30E+06
9.01E+08;1.54E+08;8.02E+08;2.29E+06
9.02E+08;1.54E+08;8.04E+08;2.28E+06
9.03E+08;1.54E+08;8.05E+08;2.27E+06
9.05E+08;1.54E+08;8.06E+08;2.27E+06
9.09E+08;1.54E+08;8.07E+08;2.26E+06
9.11E+08;1.54E+08;8.08E+08;2.26E+06
9.12E+08;1.55E+08;8.10E+08;2.24E+06
9.14E+08;1.55E+08;8.12E+08;2.23E+06
9.15E+08;1.55E+08;8.13E+08;2.22E+06
9.16E+08;1.55E+08;8.14E+08;2.22E+06
9.17E+08;1.55E+08;8.14E+08;2.21E+06
9.20E+08;1.55E+08;8.16E+08;2.21E+06
;;8.17E+08;2.20E+06
;;8.19E+08;2.19E+06
;;8.21E+08;2.17E+06
;;8.22E+08;2.17E+06
;;8.23E+08;2.17E+06
;;8.24E+08;2.16E+06
;;8.25E+08;2.16E+06
;;8.26E+08;2.15E+06
;;8.28E+08;2.14E+06
;;8.30E+08;2.13E+06
;;8.31E+08;2.12E+06
;;8.32E+08;2.12E+06
;;8.33E+08;2.11E+06
;;8.35E+08;2.10E+06
;;8.36E+08;2.09E+06
;;8.38E+08;2.09E+06
;;8.40E+08;2.08E+06
;;8.41E+08;2.07E+06
;;8.42E+08;2.07E+06
;;8.43E+08;2.06E+06
;;8.45E+08;2.05E+06
;;8.46E+08;2.05E+06
;;8.48E+08;2.04E+06
;;8.50E+08;2.03E+06
;;8.52E+08;2.02E+06
;;8.53E+08;2.02E+06
;;8.54E+08;2.01E+06
;;8.55E+08;2.01E+06
;;8.56E+08;2.00E+06
;;8.58E+08;1.99E+06
;;8.60E+08;1.98E+06
;;8.63E+08;1.97E+06
;;8.64E+08;1.97E+06
;;8.64E+08;1.97E+06
;;8.65E+08;1.96E+06
;;8.66E+08;1.96E+06
;;8.68E+08;1.95E+06
;;8.71E+08;1.94E+06
;;8.75E+08;1.93E+06
;;8.75E+08;1.93E+06
;;8.76E+08;1.92E+06
;;8.76E+08;1.92E+06
;;8.77E+08;1.92E+06
;;8.79E+08;1.91E+06
;;8.81E+08;1.90E+06
;;8.84E+08;1.89E+06
;;8.85E+08;1.89E+06
;;8.86E+08;1.88E+06
;;8.87E+08;1.88E+06
;;8.88E+08;1.88E+06
;;8.89E+08;1.87E+06
;;8.91E+08;1.87E+06
;;8.93E+08;1.86E+06
;;8.96E+08;1.85E+06
;;8.98E+08;1.84E+06
;;8.99E+08;1.84E+06
;;9.00E+08;1.84E+06
;;9.01E+08;1.83E+06
;;9.02E+08;1.83E+06
;;9.03E+08;1.83E+06
;;9.05E+08;1.82E+06
;;9.09E+08;1.81E+06
;;9.11E+08;1.80E+06
;;9.12E+08;1.80E+06
;;9.14E+08;1.79E+06
;;9.15E+08;1.79E+06
;;9.16E+08;1.79E+06
;;9.17E+08;1.78E+06
;;9.20E+08;1.77E+06
